,Name of console,Selling price,Old Price,Reviews
0,X6 8GB 128-bit 10000+ Games 4.3 inch High Definition Retro Handheld Video Game Console Game Player for GBA NES GBC GB SFC MD,$28.99,$39.99,200 reviews
1,ANBERNIC S-100 16GB 2500+ Games 3.0 inch IPS HD Screen Handheld Game Console Support PS1 CPS NEOGEO SFC MD TV Output,$44.99,$53.99,90 reviews
2,ANBERNIC RG351M 128GB 7000 Games Handheld Video Game Console for PSP PS1 NDS N64 MD Player RK3326 1.5GHz Linux System 3.5 inch OCA Full Fit IPS Screen,$129.99,$184.99,39 reviews
3,ANBERNIC RG350 3.5 inch IPS Screen 64Bit 16GB 2500+ Games Hanldheld Video Game Console Retro Player for PS1 GBA FC MD,$77.99,$93.99,293 reviews
4,Super Console X Pro Amlogic S905X Wireless TV Game Console 64GB 128GB 50000+ Games Player TV Box 4K HD for PSP PS1 N64 NES Atatri GB Support APP Download,$74.99,$99.83,81 reviews
5,ANBERNIC RG351V 80GB 7000 Games Handheld Game Console for PSP PS1 NDS N64 MD PCE RK3326 Open Source Wifi Vibration Retro Video Game Player 3.5 inch IPS Display,$97.99,$142.00,18 reviews
6,ANBERNIC RG351P 64GB 2500 Games IPS HD Handheld Game Console Support for PSP PS1 N64 GBA GBC MD NEOGEO FC Games Player 64Bit RK3326 Linux System OCA Full Fit Screen,$87.99,$133.99,268 reviews
7,SUP II 3.0 Inch LCD Screen L/R Keys 8-Bit Built-in 500 Classical Games 1020mAh Rechargeable Portable Mini Handheld Game Console,$17.99,$21.99,354 reviews
8,POWKIDDY RGB10 MAX RK3326 128GB 20000 Games Console Wifi bluetooth 5.0 Inch IPS HD Screen Video Retro Handheld Game Player PS1 N64 CP3 NES 4200mAh Battery,$134.99,$196.99,3 reviews
9,ANBERNIC RG351M 64GB 3000 Games Handheld Video Game Console for PSP PS1 NDS N64 MD Player Wifi Online RK3326 1.5GHz Linux System 3.5 inch OCA Full Fit IPS Screen,$119.99,$169.99,42 reviews
10,ANBERNIC RG350M 3.5 inch IPS Screen 64Bit DDR2 512M 16GB 3000+ Games Retro Handheld Video Game Console Player for PS1 GBA FC MD,$103.99,$163.99,136 reviews
11,T-Bao T16A 15 Inch 1080P Type C Portable Computer Monitor Gaming Display Screen for Smartphone Tablet Laptop Game Consoles,$149.99,$179.99,48 reviews
12,ANBERNIC S-100 64GB 10000 Games 3.0 inch IPS HD Screen Handheld Game Console Support PS1 CPS NEOGEO SFC MD TV Output,$54.99,$65.99,20 reviews
13,BlitzWolf® BW-PCM3 15.6 Inch Touchable FHD 1080P Type C Portable Computer Monitor Gaming Display Screen for Smartphone Tablet Laptop Game Consoles,$239.99,$283.99,318 reviews
14,X8 SDRAM DDR3 256MB Wireless 4K UHD Game Stick 32GB 3550 Games TV Game Player with Dual 2.4G Gamepad Support PS1 MD GBA GB GBC SFC N64 MAME Arcade Game Console,$48.99,$65.99,38 reviews
15,ANBERNIC RG351V 16GB Handheld Game Console for PSP PS1 NDS N64 MD PCE RK3326 Open Source Retro Video Game Player 3.5 inch IPS Display,$107.99,$129.99,3 reviews
16,Super Console X PC Box DDR4 8GB RAM HDD 2TB ROM 60000 Games TV Game Console 5G Wifi bluetooth Win 10 Mini PC for Dota 2 LOL PC for PSP PS1 PS2 Wii SEGA MAME Games Player with Gamepad,$544.99,$724.99,0 review
17,Protective Storage Bag for Anbernic RG350M RG351P RG350 Game Console Anti-fall Storage Box,$7.50,$13.99,16 reviews
18,POWKIDDY RGB10 MAX RK3326 64G 10000+ Games Console Wifi bluetooth 5.0 Inch IPS HD Screen Video Retro Handheld Game Player PS1 N64 CP3 NES 4200mAh Battery,$124.99,$185.00,0 review
19,ANBERNIC RG351V 48GB 5000 Games Handheld Game Console for PSP PS1 NDS N64 MD PCE RK3326 Open Source Wifi Vibration Retro Video Game Player 3.5 inch IPS Display,$110.99,$133.99,11 reviews
20,PORPOISE HT-1730XT 17.3 Inch 1080P Type C Portable Computer Monitor Gaming Display Screen for Smartphone Tablet Laptop Game Consoles,$219.99,,12 reviews
21,ANBERNIC RG351P 128GB 10000 Games IPS HD Handheld Game Console Support for PSP PS1 N64 GBA GBC MD NEOGEO FC Games Player 64Bit RK3326 Linux System OCA Full Fit Screen,$109.99,$146.99,50 reviews
22,ANBERNIC EVA Black Shockproof Portable Protection Bag For RG350 Retro Game Console Game Player,$8.50,$13.99,94 reviews
23,GMK KD1 14 Inch 4K Touchable Type C Portable Computer Monitor Gaming Display Screen for Smartphone Tablet Laptop Game Consoles,$219.99,$349.99,8 reviews
24,Coolbaby X9-S 8GB 3000+ Games 5.1 inch HD Screen Retro Handheld Game Console Game Player with Double Joystick for PSP PS1 Game Emulator,$42.99,$51.99,5 reviews
25,AYA NEO AMD R5 Hexa Core LPDDR4 16GB RAM 500GB/1TB SSD ROM 5G WIFI6 bluetooth 5.0 Windows 10 PC Handheld Game Console Portable Player for GTA5 DOTA2 CS: GO 2077 PUBG FPS Games,"$1,363.99","$1,624.99",0 review
26,ANBERNIC RG351V 144GB 15000 Games Handheld Game Console for PSP PS1 NDS N64 MD PCE RK3326 Open Source Wifi Vibration Retro Video Game Player 3.5 inch IPS Display,$127.99,$153.99,11 reviews
27,ANBERNIC RG350P 16GB 6000 Games Video Game Console with 32GB Memory Card 3.5 inch IPS HD OLeophobic Toughened Screen 64 Bit DDR2 512M Retro Handheld Video Game Player for PS1 GBA SFC MD,$85.99,$119.00,43 reviews
28,DATA FROG P4 bluetooth Wireless Game Controller for PS4 Console PC Android Mobile Phone 6-axis Dual Vibration Gamepad Joysticks for Steam,$29.39,$35.27,19 reviews
29,ANBERNIC PS5000 32GB 64GB 10000 Games 128 Bit Retro Handheld Game Console 5.1 inch IPS OLED HD Screen Support PS1 N64 MD CPS NEOGEO GB SFC Player with Gamepad,$82.65,$112.99,3 reviews
30,ANBERNIC RG280V 16GB 7000 Games Retro Game Console with 16GB TF Card PS1 CPS1 GBA MD Mini Handheld Game Player 2.8 inch IPS HD Screen,$62.99,$88.99,45 reviews
31,Senze SZ-4002B bluetooth Gamepad Six-axis Sensor Motor Vibration Game Controller for Sony for Playstation 4 3 Game Console PS4 PS3 PC ,$24.99,$38.99,29 reviews
32,GPD WIN 3 Standard Edition Intel 1135 G7 LPDDR4 16GB RAM 1TB SSD ROM 5G Wifi bluetooth 5.0 Windows 10 PC Handheld Game Console Smart Player for GTA 5 PUBG COD Devil May Cry5,$983.99,"$1,384.99",0 review
33,8BitDo SN30 Pro USB Wired Gamepad for Nintendo Switch Windows PC Raspberry Pi Steam Game Controller for Switch Game Console,$26.99,$35.99,0 review
34,633X 128GB CLASS 10 TF Card SDHC Card Memory Card TF Card Flash Card 95MB/S for Game Console MP4 Camera Radio Smartphone,$15.79,$31.99,0 review
35,ANBERNIC PS7000 32GB 64GB 10000 Games 128 Bit 7 inch HD Retro Handheld Game Console Support PS NEOGEO N64 SFC GBA MD Arcade Game Player with Wired Gamepad,$90.99,$109.99,14 reviews
36,ANBERNIC RG280V 16GB 23000 Games Retro Game Console with 128GB TF Card PS1 CPS1 GBA MD Mini Handheld Game Player 2.8 inch IPS HD Screen,$88.99,$106.99,9 reviews
37,POWKIDDY RGB10 RK3326 32GB/64GB/128GB 10000 Games Handheld Game Console 3.5 inch IPS HD Screen 3D Rocker Retro Game Open Source System,$87.51,$106.99,3 reviews
38,NES-620 Retro Classic Mini Action Game Console with Built-in 620 Games and 2 NES Classic Gamepads,$18.69,$29.99,32 reviews
39,bluetooth 4.0 Wireless Game Controller Six-axis Somatosensory Dual Vibration Gamepad for PS4 Game Console Android Mobile Phone PC,$23.99,$36.53,14 reviews
40,PandoraBox 9 3399 Games 3D Arcade Game Controller 720P HD Fightstick Rocker Joystick Retro Console HDMI VGA USB Output TV PC,$182.99,$219.99,24 reviews
41,Kong Feng Game Player 16 Bit MD2 Supprot NTSC/PAL System Video Game Console,$19.99,$34.99,66 reviews
42,AYA Neo Original Storage Bag Luxury Waterproof Case For AYA NEO Portable Protective Hand Storage Bag For AYA NEO Game Console,$50.99,$61.99,1 review
43,POWKIDDY RGB20 RK3326 64GB 128GB 256GB 8000 Games 3.5 inch IPS Full Fit Screen Wifi bluetooth Online Game Handheld Game Console MAME N64 PS NEOGEO GBA NES SFC MD Game Player,$90.47,$108.56,17 reviews
44,MIMD Left Right Wireless Gamepad for Nintendo Switch Bluetooth Game Controller for NS Switch Game Console,$34.99,$67.00,2 reviews
45,8Bitdo bluetooth Wireless USB Receiver Converter Adapter for Nintendo Switch Game Console,$26.99,$32.99,13 reviews
46,Wareshare® 7 Inch IPS HDMI Display Tempered Glass Capacitive Touch Screen 1024x600 For Raspberry Pi Jetson Nano Mini PC Game Console,$83.99,$100.99,15 reviews
47,ANBERNIC RG300 3 Inch IPS Screen 16GB 7000 Games Linux Retro Game Console Portable Handheld Video Game Player,$66.99,$80.99,3 reviews
48,POWKIDDY A66 Trimui 32GB 4000 Games 2 inch IPS LCD Mini Transparent Game Console PS MD PCE Arcade NEO GG FC GBC Game Player,$41.99,$57.99,3 reviews
49,JXD S192K RK3288 Quad Core RAM DDR3 4GB ROM 64GB 7 inch 4K Handheld Game Console Android Tablet for PSP Android PS1 NDS N64 Games Player,$402.99,$483.99,0 review
50,PandoraBox Retroid Pocket 2 64GB 5000 Games Android Dual System bluetooth Wifi Handheld Game Console for PSP PS PCE MAME DC MD N64 Video Game Player 3.5 inch IPS HD Output,$129.99,,4 reviews
51,AYA NEO & Skull & Co.AYA Game Console Joystick Cap Thumbstick Cover for Hand-held Gaming Device,$16.99,$20.99,0 review
52,Replacement DVD ROM Drive Disc Repair Part for Nintendo Wii D2A D2B D2C D2E Game Console,$28.99,$34.99,3 reviews
53,OV Video Storage Card TF 32GB Memory Card High Speed 100MB/S Class10 Micro SD Card for Mobile Phone Camera Camcorders Radio Game Console,$12.99,$15.99,0 review
54,Pocketgo S30 32GB 64GB 128GB 10000 Ganes 3.5 inch IPS Retro Handheld Game Console Open Source Video Game Player for PSP PS1 N64 MD MAME SNES DC FBA Pocket Players,$84.99,,0 review
55,iPega PG-9186 Charger Charging Dock Stand Station Holder for Nintendo Switch Joy-Con Game Console Controller ,$15.99,$19.99,6 reviews
56,WEICHENSI BM2 G+FF UHD 4K 15.6 Inch Touchable Type C Portable Computer Monitor Gaming Display Screen for Smartphone Tablet Laptop Game Consoles,$289.99,,1 review
57,51  Chip Game Console Electronic Production DIY Kit Play Game Design Board Module,$16.99,$20.99,8 reviews
58,PandoraBox Retroid Pocket 2 128GB 10000 Games Android Dual System bluetooth Wifi Handheld Game Console for PSP PS PCE MAME DC MD N64 Video Game Player 3.5 inch IPS HD Output,$144.99,,2 reviews
59,U8 Mini 64GB 10000 Games HD Wireless TV Game Console Stick with Dual Game Controller FC Family Game Console for PS1 GBA FC,$58.99,$70.99,6 reviews
